﻿"ID","ID number","Name","Email","Contact No.","Department","Designation","Action"
"31","3333","Ronnel Pelagio de la Torre","fdg@","4444","COE","Regular","Delete  																				 Edit"
"32","44444","Joven sdas Diojoy","joven@gmail.com","909090909","COE","Regular","Delete  																				 Edit"
"45","1234","hay  hay hay","d@","124124","COE","Regular","Delete  																				 Edit"
"46","1234","hay  hay hay","d@","124124","COE","Regular","Delete  																				 Edit"
"47","1234","hay  hay hay","d@","124124","COE","Regular","Delete  																				 Edit"